"merk","model","m_min_6","m_min_5","m_min_4","m_min_3","m_min_2","m_min_1"
"Toyota","Toyota Yaris","181000000.00000000","181000000.00000000","181000000.00000000","181000000.00000000","181000000.00000000","181000000.00000000"
